"number","title","pageid","namespace","length","touched"
"1","Anarchism","12","","110598","20230801050038"
"2","Abraham_Lincoln","307","","204624","20230808232322"
"3","Aristotle","308","","159635","20230807161447"
"4","Algeria","358","","182438","20230808225151"
"5","Anthropology","569","","109293","20230808163725"
"6","Animation","593","","71906","20230808233631"
"7","Amphibian","621","","157252","20230720181521"
"8","Agriculture","627","","176799","20230801012603"
"9","Algae","633","","88186","20230806095700"
"10","Alphabet","670","","65612","20230721224624"
"11","Anatomy","674","","80670","20230804042706"
"12","Asia","689","","123642","20230804135723"
"13","Atlantic_Ocean","698","","117095","20230807030805"
"14","Albert_Einstein","736","","224377","20230808161913"
"15","Art","752","","129433","20230721224459"
"16","Abortion","765","","202172","20230724080727"
"17","Algorithm","775","","116665","20230805205138"
"18","Alexander_the_Great","783","","220899","20230808213625"
"19","Asteroid","791","","162123","20230805092843"
"20","Arabic","803","","186041","20230808225957"
"21","Aircraft","849","","53966","20230808015711"
"22","Ancient_Egypt","874","","153033","20230807072956"
"23","Atom","902","","126910","20230728223718"
"24","Aluminium","904","","139745","20230630182032"
"25","Alps","981","","102095","20230727104036"
"26","Avicenna","1130","","117129","20230808233016"
"27","Artificial_intelligence","1164","","187394","20230807174919"
"28","Afterlife","1178","","126108","20230803203035"
"29","Alloy","1187","","39780","20230218065655"
"30","Angle","1196","","51965","20230806063805"
"31","Alan_Turing","1208","","143213","20230808162441"
"32","Area","1209","","42422","20230726125131"
"33","Ashoka","1239","","144215","20230807113438"
"34","Augustus","1273","","145552","20230808234028"
"35","Andes","1354","","56045","20230728183348"
"36","Abraham","1436","","74615","20230806155402"
"37","Amazon_River","1701","","107783","20230806174929"
"38","Arabic_numerals","1786","","31337","20230805234445"
"39","Antibiotic","1805","","143687","20230807061128"
"40","Adam_Smith","1814","","108221","20230807153757"
"41","Antoine_Lavoisier","1822","","77312","20230719164650"
"42","Archimedes","1844","","102274","20230805222826"
"43","American_Revolution","1973","","210776","20230808134900"
"44","Aesthetics","2130","","76158","20230808234105"
"45","Armour","2147","","31633","20230617192044"
"46","Alcoholism","2965","","143680","20230807104021"
"47","Acid–base_reaction","3038","","36042","20230619024259"
"48","Arithmetic","3118","","40154","20230731000013"
"49","Brazil","3383","","261817","20230808214931"
"50","Bible","3390","","207613","20230802022325"
"51","The_Buddha","3395","","234754","20230803161838"
"52","Bridge","3397","","72392","20230729212050"
"53","Board_game","3401","","64055","20230803150935"
"54","Bird","3410","","229749","20230728010741"
"55","Bangladesh","3454","","305456","20230808210332"
"56","Brain","3717","","121772","20230719185356"
"57","Book","3778","","75307","20230731011356"
"58","Biochemistry","3954","","56373","20230801023537"
"59","Bicycle","3973","","92063","20230807014057"
"60","Blood","3997","","64045","20230722225752"
"61","Bone","4099","","76055","20230725214558"
"62","Big_Bang","4116","","152780","20230729004429"
"63","Bronze","4169","","37315","20230803223236"
"64","Botany","4183","","141036","20230720072114"
"65","Cell_(biology)","4230","","62892","20230721143008"
"66","Black_Death","4501","","130639","20230730021401"
"67","Biotechnology","4502","","85220","20230729094756"
"68","Bronze_Age","4620","","105555","20230802104607"
"69","Black_hole","4650","","168824","20230806225921"
"70","British_Empire","4721","","153597","20230808065615"
"71","Charlie_Chaplin","5142","","170889","20230731063309"
"72","Country","5165","","36061","20230730230319"
"73","Combinatorics","5170","","32660","20230725210651"
"74","Calculus","5176","","78032","20230803211301"
"75","Communication","5177","","138764","20230808162339"
"76","Chemistry","5180","","78768","20230806232501"
"77","Christianity","5211","","297118","20230807064644"
"78","Colombia","5222","","265619","20230808224750"
"79","Carl_Linnaeus","5233","","117194","20230729170004"
"80","Constitution","5253","","99417","20230725222609"
"81","Carbon","5299","","98821","20230808233901"
"82","Charlemagne","5314","","154339","20230804172926"
"83","Computer_science","5323","","77928","20230806130223"
"84","Cooking","5355","","40407","20230801182408"
"85","Card_game","5360","","42383","20230709072830"
"86","Video_game","5363","","146057","20230806212558"
"87","Concrete","5371","","134096","20230801021514"
"88","Calendar","5377","","31781","20230730151124"
"89","Physical_cosmology","5378","","76721","20230802105600"
"90","City","5391","","196371","20230808013144"
"91","China","5405","","347600","20230808073610"
"92","Capitalism","5416","","142181","20230807185459"
"93","Canal","5623","","60986","20230731034539"
"94","Christopher_Columbus","5635","","188569","20230802004430"
"95","Cyrillic_script","5639","","87061","20230806182831"
"96","Chemical_element","5659","","69571","20230717235918"
"97","Consciousness","5664","","145415","20230802023343"
"98","Community","5695","","39099","20230602073926"
"99","Chinese_language","5751","","92416","20230804154639"
"100","Civil_engineering","5762","","38961","20230724104229"
"101","Crime","5785","","44902","20230709120219"
"102","Confucianism","5820","","129990","20230808164827"
"103","Confucius","5823","","104308","20230808024832"
"104","Complex_number","5826","","103991","20230718104321"
"105","Carbon_dioxide","5906","","109888","20230730020414"
"106","Catalysis","5914","","43988","20230729033735"
"107","Color","5921","","40486","20230803214127"
"108","Carbohydrate","5932","","57085","20230807095247"
"109","Comet","5962","","142894","20230721061755"
"110","Coal","5987","","136825","20230808100439"
"111","Chemical_bond","5993","","40031","20230806201628"
"112","Climate","5999","","38264","20230805084842"
"113","Cicero","6046","","98973","20230807181904"
"114","Carl_Friedrich_Gauss","6125","","108070","20230805215115"
"115","Circle","6220","","43372","20230801020916"
"116","Civilization","6258","","87434","20230808083034"
"117","Chemical_reaction","6271","","66201","20230725155643"
"118","Cairo","6293","","163150","20230808161559"
"119","Clock","6449","","95171","20230807170147"
"120","Yangtze","6613","","109979","20230806174751"
"121","Conservatism","6675","","167273","20230808201446"
"122","Cat","6678","","151803","20230808184350"
"123","Cereal","6700","","38990","20230803001456"
"124","Colonialism","7299","","114526","20230731044854"
"125","Corporation","7485","","49865","20230805174950"
"126","Dance","7885","","63150","20230731235818"
"127","DNA","7955","","169731","20230806083652"
"128","Democracy","7959","","202950","20230802104814"
"129","Drink","7984","","55948","20230705191833"
"130","Dentistry","8005","","51775","20230808202343"
"131","Disease","8072","","59196","20230803002428"
"132","Dante_Alighieri","8169","","67360","20230807174616"
"133","Death","8221","","112466","20230808220141"
"134","Dinosaur","8311","","286962","20230801024440"
"135","Day","8376","","33740","20230806183658"
"136","Drawing","8544","","40156","20230724132628"
"137","Design","8560","","29539","20230807080912"
"138","Discrimination","8900","","72096","20230808231509"
"139","Dictatorship","9033","","77942","20230806034015"
"140","Economics","9223","","182213","20230808140110"
"141","Earth","9228","","195485","20230806135442"
"142","Evolution","9236","","245171","20230808153634"
"143","Europe","9239","","241038","20230801174613"
"144","Epistemology","9247","","125346","20230801213357"
"145","Engineering","9251","","88700","20230804181359"
"146","Education","9252","","198688","20230714182353"
"147","Ethics","9258","","109351","20230801045129"
"148","Entertainment","9262","","140024","20230725190545"
"149","Equation","9284","","32299","20230526143115"
"150","European_Union","9317","","263163","20230807200606"
"151","Euclid","9331","","43887","20230807210509"
"152","Epic_poetry","9418","","37041","20230711062739"
"153","Electromagnetic_radiation","9426","","81919","20230703203319"
"154","Electron","9476","","155225","20230618103705"
"155","Electromagnetism","9532","","32522","20230801231437"
"156","Electricity","9550","","85787","20230807075626"
"157","Ecology","9630","","212170","20230805195837"
"158","Ecosystem","9632","","66888","20230726000235"
"159","E_(mathematical_constant)","9633","","43525","20230808173327"
"160","Engine","9640","","42599","20230730002122"
"161","Energy","9649","","59835","20230609134050"
"162","Electric_light","9656","","35427","20230803111642"
"163","Electronics","9663","","36787","20230804181925"
"164","Erosion","9696","","62577","20230726000522"
"165","Earthquake","10106","","80376","20230803160918"
"166","Elizabeth_I","10128","","117752","20230808193522"
"167","Eastern_Orthodox_Church","10186","","213860","20230806121223"
"168","Explosive","10192","","74512","20230808185639"
"169","Human_evolution","10326","","255227","20230730145723"
"170","Emotion","10406","","117808","20230731062040"
"171","Association_football","10568","","115498","20230802174239"
"172","French_language","10597","","117456","20230806212754"
"173","Folk_music","10623","","160835","20230807013601"
"174","Food","10646","","51286","20230721161141"
"175","Friedrich_Nietzsche","10671","","198833","20230807134641"
"176","History_of_film","10783","","153916","20230801203236"
"177","Fear","10828","","99605","20230731164058"
"178","Food_preservation","10834","","42058","20230521104022"
"179","Fruit","10843","","49648","20230804102616"
"180","Force","10902","","96838","20230808151415"
"181","Fascism","11054","","190447","20230807194808"
"182","Forest","11090","","76988","20230608043134"
"183","Fire","11145","","41847","20230808225937"
"184","Finance","11162","","66664","20230727001304"
"185","Feminism","11185","","198736","20230808140311"
"186","French_Revolution","11188","","164180","20230808200645"
"187","Folklore","11303","","84399","20230807040201"
"188","Fashion","11657","","86040","20230806003411"
"189","Germany","11867","","201139","20230808121246"
"190","German_language","11884","","123188","20230807113317"
"191","Greek_language","11887","","65735","20230804174254"
"192","Gambling","11921","","44452","20230727231021"
"193","Firearm","11966","","103134","20230801131601"
"194","George_Washington","11968","","235822","20230808191311"
"195","Great_Lakes","12010","","111774","20230804022921"
"196","Geology","12207","","88774","20230712122518"
"197","Great_Pyramid_of_Giza","12224","","136879","20230805161434"
"198","Government","12229","","37675","20230613150556"
"199","Gold","12240","","142808","20230720114949"
"200","Genetics","12266","","101384","20230729202624"
"201","Genetic_engineering","12383","","136622","20230628065547"
"202","Genocide","12441","","129370","20230806100418"
"203","Ganges","12448","","146339","20230808101457"
"204","Glacier","12463","","63838","20230625101752"
"205","Galaxy","12558","","145580","20230731062108"
"206","Grammar","12569","","27685","20230806084559"
"207","Glass","12581","","90832","20230724203652"
"208","Gunpowder","12737","","98404","20230730111020"
"209","History_of_Europe","13212","","223309","20230808224256"
"210","Hydrogen","13255","","121945","20230725111845"
"211","Holy_Roman_Empire","13277","","189784","20230803202118"
"212","Hormone","13311","","40000","20230724083936"
"213","Henry_Ford","13371","","106923","20230731025734"
"214","Hong_Kong","13404","","199841","20230808104054"
"215","Heredity","13457","","34806","20230615152321"
"216","Hippocrates","13486","","49939","20230726181035"
"217","Hinduism","13543","","327717","20230808222128"
"218","Herodotus","13574","","43175","20230805164612"
"219","Homer","13633","","62637","20230808045306"
"220","Horse","13645","","143270","20230731232208"
"221","Human_rights","13831","","111471","20230725055344"
"222","History_of_India","13890","","276601","20230808025334"
"223","Hydropower","14073","","56776","20230808201242"
"224","History_of_Asia","14097","","111442","20230724175033"
"225","History_of_Africa","14099","","77396","20230801202239"
"226","History_of_Oceania","14104","","97454","20230618144504"
"227","History_of_medicine","14194","","206356","20230801123037"
"228","History_of_mathematics","14220","","128448","20230725030605"
"229","Hammurabi","14358","","37824","20230730104705"
"230","History_of_science","14400","","184769","20230807212136"
"231","Italy","14532","","382456","20230808202350"
"232","India","14533","","313957","20230808200842"
"233","Internet","14539","","152197","20230807164354"
"234","Integer","14563","","35597","20230728005703"
"235","Indonesia","14579","","201526","20230807064825"
"236","Indian_Ocean","14580","","120189","20230807171307"
"237","Island","14587","","34147","20230721114434"
"238","Inorganic_chemistry","14624","","31945","20230714073232"
"239","Isaac_Newton","14627","","139169","20230808005553"
"240","Immanuel_Kant","14631","","152388","20230808171427"
"241","Iran","14653","","327375","20230807150607"
"242","Iron_Age","14711","","62818","20230805003113"
"243","Iron","14734","","150925","20230705133916"
"244","Indo-European_languages","14848","","113859","20230729164911"
"245","Industrial_Revolution","14914","","245561","20230808235218"
"246","Immune_system","14958","","119903","20230718140606"
"247","Integrated_circuit","15150","","79294","20230724020348"
"248","Insurance","15176","","119160","20230804054145"
"249","Series_(mathematics)","15287","","59701","20230618080057"
"250","Imperialism","15316","","125555","20230801011947"
"251","Inca_Empire","15319","","100206","20230808044007"
"252","Western_imperialism_in_Asia","15443","","101405","20230705210204"
"253","International_Red_Cross_and_Red_Crescent_Movement","15487","","90216","20230803185635"
"254","Japan","15573","","173593","20230807202521"
"255","Japanese_language","15606","","90656","20230807122939"
"256","Jazz","15613","","168653","20230721225355"
"257","Judaism","15624","","222793","20230807063941"
"258","James_Cook","15630","","96329","20230720205330"
"259","Joseph_Stalin","15641","","279521","20230804202411"
"260","Jewellery","15739","","96972","20230802165256"
"261","Johannes_Gutenberg","15745","","48526","20230802123852"
"262","Julius_Caesar","15924","","137403","20230808211959"
"263","Jet_engine","15944","","62208","20230807034734"
"264","Jainism","16016","","143158","20230808062215"
"265","Jerusalem","16043","","286059","20230804202940"
"266","John_Locke","16143","","80666","20230807221032"
"267","Jakarta","16275","","193407","20230729023614"
"268","Justice","16369","","51160","20230808021209"
"269","Rumi","16433","","90637","20230808040930"
"270","Joan_of_Arc","16509","","182324","20230803021052"
"271","Kurt_Gödel","16736","","46820","20230806163851"
"272","Karl_Marx","16743","","191141","20230807214337"
"273","Knife","17160","","39868","20230806091014"
"274","Language","17524","","137878","20230803215530"
"275","Love","17547","","71207","20230801200919"
"276","Laser","17556","","109012","20230805100721"
"277","Trade_union","17626","","75394","20230717003927"
"278","Library","17727","","79890","20230808165034"
"279","Latin","17730","","107729","20230808165321"
"280","Louis_Pasteur","17740","","132012","20230724232103"
"281","Logarithm","17860","","98773","20230617221944"
"282","London","17867","","257485","20230807103313"
"283","Leonhard_Euler","17902","","102889","20230730001856"
"284","Ludwig_van_Beethoven","17914","","99554","20230717191134"
"285","Light","17939","","51436","20230614051249"
"286","Lipid","17940","","71762","20230626131257"
"287","Li_Bai","18024","","57602","20230807145339"
"288","Leonardo_da_Vinci","18079","","129688","20230802025756"
"289","Louis_Armstrong","18313","","100413","20230806001528"
"290","Lens","18320","","52945","20230715174532"
"291","Life","18393","","159621","20230807214523"
"292","Linear_algebra","18422","","61701","20230630095335"
"293","Mathematics","18831","","178346","20230804182444"
"294","Middle_Ages","18836","","170188","20230808144020"
"295","Mammal","18838","","209225","20230808135655"
"296","Music","18839","","130843","20230802213754"
"297","Metaphysics","18895","","95959","20230805122437"
"298","Muhammad","18934","","189209","20230808215130"
"299","Meat","18940","","154695","20230721174400"
"300","Medicine","18957","","90202","20230726150213"
"301","Mexico_City","18987","","205412","20230808213912"
"302","Moscow","19004","","220470","20230731014104"
"303","Mediterranean_Sea","19006","","142906","20230802120032"
"304","Monarchy","19013","","59827","20230724013616"
"305","Measurement","19022","","29107","20230726043828"
"306","Metal","19042","","81584","20230714154201"
"307","Mass","19048","","76507","20230801133155"
"308","Mineral","19053","","111569","20230720201046"
"309","Mumbai","19189","","262305","20230808222549"
"310","Molecular_biology","19200","","45709","20230808212934"
"311","Middle_East","19323","","72213","20230804135131"
"312","Moon","19331","","250725","20230807184821"
"313","Marco_Polo","19334","","101449","20230723184738"
"314","Mental_disorder","19356","","186039","20230806015753"
"315","Mind","19378","","110191","20230728105710"
"316","Mahatma_Gandhi","19379","","232029","20230808184244"
"317","Miguel_de_Cervantes","19444","","51198","20230803170644"
"318","Myanmar","19457","","256545","20230806055930"
"319","Martial_arts","19501","","47796","20230804224831"
"320","Mao_Zedong","19527","","218382","20230808145458"
"321","Mechanical_engineering","19528","","57733","20230804211508"
"322","Modernism","19547","","145836","20230807055444"
"323","Molecule","19555","","34134","20230806144402"
"324","Microscope","19568","","31516","20230728060106"
"325","Moses","19577","","134923","20230724084417"
"326","Mississippi_River","19579","","138444","20230808145458"
"327","Mass_media","19641","","67499","20230719214541"
"328","Mercury_(planet)","19694","","142733","20230731063351"
"329","Milk","19714","","139891","20230803073150"
"330","Magnetism","19716","","45321","20230806190334"
"331","Metallurgy","19722","","31990","20230617175613"
"332","Michael_Faraday","19727","","67716","20230801122727"
"333","Marriage","19728","","238220","20230729040501"
"334","Mary_Wollstonecraft","19834","","91477","20230803134429"
"335","Map","19877","","34458","20230804170652"
"336","Management","19881","","70781","20230806131930"
"337","Meditation","20062","","162666","20230808111217"
"338","Mesopotamia","20189","","83302","20230808210744"
"339","Metabolism","20374","","113707","20230801062300"
"340","Mining","20381","","103962","20230725190914"
"341","Marie_Curie","20408","","104088","20230805230519"
"342","Malaria","20423","","212526","20230808000413"
"343","Momentum","20431","","73456","20230806175148"
"344","Motion","20580","","31322","20230729065616"
"345","Masonry","20857","","21306","20230510220338"
"346","Michelangelo","21019","","83404","20230723091602"
"347","Mecca","21021","","103972","20230723150246"
"348","NATO","21133","","145013","20230806143419"
"349","North_America","21139","","166140","20230805190340"
"350","Natural_selection","21147","","110772","20230720072305"
"351","Netherlands","21148","","241163","20230808214747"
"352","Nitrogen","21175","","106156","20230802141655"
"353","Nile","21244","","73519","20230808143229"
"354","Neutron","21272","","103184","20230722043358"
"355","Nigeria","21383","","226917","20230806234146"
"356","Niccolò_Machiavelli","21444","","114375","20230808023045"
"357","Nikola_Tesla","21473","","136812","20230719093340"
"358","Natural_number","21474","","47586","20230724172519"
"359","Nutrition","21525","","36328","20230806025213"
"360","Number_theory","21527","","89697","20230713202912"
"361","Number","21690","","63007","20230802183814"
"362","Nationalism","21748","","183245","20230804133005"
"363","Nuclear_weapon","21785","","109263","20230806212213"
"364","Nature","21830","","87162","20230715101115"
"365","Navigation","21854","","52691","20230712163705"
"366","Nervous_system","21944","","73600","20230706183921"
"367","Natural_gas","22131","","103573","20230727182102"
"368","Nuclear_power","22153","","212739","20230806135318"
"369","Organic_chemistry","22208","","36714","20230804044209"
"370","Ontology","22261","","128061","20230717172440"
"371","Ottoman_Empire","22278","","264850","20230806134537"
"372","Oxygen","22303","","116025","20230730071609"
"373","Opera","22348","","108333","20230728144314"
"374","Optics","22483","","108371","20230802194057"
"375","Orbit","22498","","57398","20230730225938"
"376","Olympic_Games","22576","","188394","20230806061227"
"377","Oceania","22621","","348479","20230808051805"
"378","Orchestra","22706","","64888","20230803134302"
"379","Planet","22915","","191536","20230807014802"
"380","Psychology","22921","","220732","20230801143838"
"381","Poetry","22926","","109619","20230807110849"
"382","Probability","22934","","36396","20230731064740"
"383","Poland","22936","","249557","20230806230211"
"384","Performing_arts","22938","","36742","20230711020912"
"385","Physics","22939","","90765","20230801184426"
"386","Plato","22954","","82249","20230801071759"
"387","Primate","22984","","156781","20230806070754"
"388","Politics","22986","","80941","20230802150917"
"389","Paris","22989","","241479","20230806095103"
"390","Piano","23034","","90745","20230803160002"
"391","Periodic_table","23053","","211360","20230805172720"
"392","Pacific_Ocean","23070","","77581","20230802213713"
"393","Paleontology","23084","","102801","20230807101051"
"394","Petroleum","23195","","139492","20230725112906"
"395","Pakistan","23235","","408002","20230802091053"
"396","Particle_physics","23259","","42115","20230711013253"
"397","Proton","23317","","62379","20230725100132"
"398","Phosphorus","23318","","84994","20230802113310"
"399","Philippines","23440","","422294","20230807063947"
"400","Potato","23501","","125065","20230804210759"
"401","Photon","23535","","100297","20230807225637"
"402","Pi","23601","","145645","20230806212927"
"403","Photography","23604","","83638","20230731105103"
"404","Polygon","23621","","37903","20230717201151"
"405","Property","23626","","72236","20230805014115"
"406","Police","23627","","150468","20230808210042"
"407","Protein","23634","","89337","20230726115033"
"408","Physical_chemistry","23635","","14458","20230711160805"
"409","Prime_number","23666","","118474","20230720231322"
"410","Portuguese_language","23915","","146262","20230808090457"
"411","Political_party","23996","","125995","20230804222229"
"412","Paul_the_Apostle","24140","","166500","20230806230000"
"413","Pablo_Picasso","24176","","108072","20230802143501"
"414","Political_science","24388","","64700","20230802185529"
"415","Photosynthesis","24544","","103082","20230806143525"
"416","Pottery","24619","","90312","20230806171821"
"417","Pop_music","24624","","43716","20230723205913"
"418","Peace","24702","","61956","20230806153248"
"419","Pollution","24872","","71337","20230807171145"
"420","Plate_tectonics","24944","","113686","20230729101100"
"421","Privacy","25009","","106951","20230806235818"
"422","Prayer","25042","","101445","20230719021336"
"423","Quantum_mechanics","25202","","93901","20230808125534"
"424","Russia","25391","","337822","20230808121926"
"425","Reptile","25409","","137099","20230719144939"
"426","Religion","25414","","169792","20230724124447"
"427","Rock_music","25423","","204070","20230805154010"
"428","Russian_language","25431","","114911","20230805142538"
"429","Rome","25458","","178090","20230802221305"
"430","Rocky_Mountains","25459","","55353","20230805210318"
"431","René_Descartes","25525","","148135","20230805095304"
"432","Renaissance","25532","","114352","20230806050108"
"433","Racism","25613","","184184","20230806100420"
"434","Radar","25676","","98112","20230804161445"
"435","Rail_transport","25715","","107896","20230808110906"
"436","Taiwan","25734","","338766","20230807130824"
"437","RNA","25758","","57190","20230705081140"
"438","Renewable_energy","25784","","182832","20230807202011"
"439","Road","25897","","70944","20230801205202"
"440","Romanticism","26094","","147746","20230806210225"
"441","Roald_Amundsen","26199","","49069","20230804231436"
"442","Rocket","26301","","107814","20230725094918"
"443","Reproduction","26310","","32241","20230709173922"
"444","Spain","26667","","208496","20230808205226"
"445","Statistics","26685","","79765","20230801192006"
"446","Set_(mathematics)","26691","","40516","20230731204849"
"447","Science","26700","","168891","20230807212649"
"448","Sculpture","26714","","162296","20230725205621"
"449","Sigmund_Freud","26743","","201031","20230725075155"
"450","Sun","26751","","167646","20230808062742"
"451","International_System_of_Units","26764","","189486","20230806053502"
"452","South_America","26769","","227247","20230808000010"
"453","Soviet_Union","26779","","313487","20230807051513"
"454","Social_science","26781","","76481","20230807135257"
"455","Sex","26805","","59435","20230807203426"
"456","Star","26808","","148025","20230802011942"
"457","Spanish_language","26825","","220031","20230808073034"
"458","Scientific_method","26833","","171317","20230726211251"
"459","Socialism","26847","","361057","20230808045110"
"460","Shamanism","26861","","81682","20230705124633"
"461","Spice","26897","","31181","20230804140352"
"462","Solar_System","26903","","195652","20230807014316"
"463","Shia_Islam","26961","","155169","20230726184036"
"464","Suleiman_the_Magnificent","26992","","76876","20230807152457"
"465","Ship","27008","","98168","20230723001307"
"466","South_Korea","27019","","279414","20230808223726"
"467","Steel","27058","","60632","20230628192533"
"468","Secularism","27113","","36484","20230806090032"
"469","Silicon","27114","","126976","20230808223353"
"470","Silver","27119","","95544","20230804214230"
"471","Sulfur","27127","","96585","20230727022152"
"472","Sexism","27165","","199185","20230805193740"
"473","Singapore","27318","","281605","20230807083617"
"474","Sexual_intercourse","27546","","169546","20230803002039"
"475","Skeleton","27609","","30896","20230807045319"
"476","Space","27667","","34742","20230802015201"
"477","Supernova","27680","","202186","20230808220939"
"478","Satellite","27683","","44553","20230806140158"
"479","Steam_engine","27692","","78243","20230725163839"
"480","Sugar","27712","","102222","20230714062356"
"481","Solar_energy","27743","","74730","20230802082458"
"482","Sleep","27834","","108070","20230808023109"
"483","Sikhism","27964","","208519","20230808192932"
"484","Skin","27978","","36592","20230806000228"
"485","Strong_interaction","27984","","18807","20230516170043"
"486","Slavery","27992","","268269","20230805180527"
"487","Swimming","27999","","40715","20230726094344"
"488","Simple_machine","28002","","32796","20230512224229"
"489","School","28022","","46487","20230803155037"
"490","State_(polity)","28151","","109313","20230807044102"
"491","Snow","28191","","104160","20230716034458"
"492","Shinto","28272","","125022","20230807130512"
"493","Short_story","28296","","48198","20230805165632"
"494","Soul","28297","","97263","20230806122731"
"495","Spirituality","28387","","103140","20230806171058"
"496","Space_exploration","28431","","89765","20230802193548"
"497","Swahili_language","28450","","104179","20230806151705"
"498","Speed_of_light","28736","","143895","20230804054016"
"499","Social_class","29174","","78354","20230807134157"
"500","Stone_Age","29219","","81376","20230627145524"
"501","Sexual_orientation","29252","","138997","20230804194352"
"502","Sunni_Islam","29402","","131223","20230805022957"
"503","Scientific_Revolution","29544","","107016","20230713062740"
"504","Supply_and_demand","29664","","37665","20230808004940"
"505","Trade","29678","","67293","20230706081301"
"506","Thomas_Edison","29778","","117996","20230802150320"
"507","Tourism","29789","","100870","20230807185659"
"508","The_Beatles","29812","","214257","20230802135908"
"509","Technology","29816","","101269","20230728004902"
"510","Television","29831","","161658","20230720152640"
"511","Truth","29920","","109381","20230729064622"
"512","Thermodynamics","29952","","46750","20230728183609"
"513","Topology","29954","","36084","20230728224758"
"514","Tea","29969","","86781","20230726100245"
"515","Theory_of_relativity","30001","","27539","20230718012455"
"516","Telephone","30003","","48792","20230718171525"
"517","Time","30012","","109609","20230808051809"
"518","Tokyo","30057","","147222","20230808064434"
"519","Tanzania","30118","","187405","20230803211834"
"520","Thailand","30128","","225796","20230808163240"
"521","Tax","30297","","122115","20230803194932"
"522","Talmud","30345","","137999","20230803155515"
"523","Taoism","30365","","194108","20230808171103"
"524","Taxonomy_(biology)","30463","","62490","20230806021243"
"525","Terrorism","30636","","145221","20230801060147"
"526","Tuberculosis","30653","","161349","20230721212345"
"527","Triangle","30654","","56235","20230719152732"
"528","Tool","30677","","41316","20230729160805"
"529","Age_of_Enlightenment","30758","","181906","20230808172756"
"530","Theravada","30994","","142796","20230804203126"
"531","United_Kingdom","31717","","303115","20230807181607"
"532","Ukraine","31750","","246959","20230805234543"
"533","United_Nations","31769","","162904","20230808113544"
"534","Universe","31880","","157411","20230728102435"
"535","Virgil","32359","","47788","20230729180209"
"536","Voltaire","32375","","144135","20230730000404"
"537","Video","32441","","34986","20230807135459"
"538","Volume","32498","","25831","20230717203805"
"539","Vacuum","32502","","68444","20230806170811"
"540","Viking_Age","32538","","120052","20230806121345"
"541","Volcano","32571","","74886","20230801154933"
"542","Vaccine","32653","","141812","20230726153349"
"543","Venus","32745","","211249","20230802232550"
"544","William_Shakespeare","32897","","115315","20230808111453"
"545","Walt_Disney","32917","","110609","20230801135101"
"546","World_War_II","32927","","257069","20230803202049"
"547","Writing","32977","","77993","20230808045642"
"548","War","33158","","107757","20230804150614"
"549","Wolfgang_Amadeus_Mozart","33163","","76658","20230806160427"
"550","Woman","33183","","98521","20230804152414"
"551","Water","33306","","164189","20230807014257"
"552","Weapon","33496","","33068","20230803134548"
"553","Wave","33516","","62513","20230804004009"
"554","Wood","33550","","88313","20230627163727"
"555","Wheel","33555","","43295","20230705102238"
"556","Weak_interaction","33629","","43467","20230807040016"
"557","Weather","33978","","45294","20230802082153"
"558","Year","34341","","52003","20230701125203"
"559","Zoology","34413","","37676","20230802105211"
"560","Zheng_He","34494","","74689","20230801043749"
"561","0","34513","","70250","20230605182309"
"562","Fishing","36581","","51879","20230808083750"
"563","Cotton","36806","","115950","20230722044346"
"564","Heart","36808","","145920","20230805010143"
"565","Wheat","36858","","128259","20230731220146"
"566","Lung","36863","","102050","20230808163014"
"567","Quran","36922","","143685","20230803145945"
"568","Bread","36969","","53757","20230717110410"
"569","Arctic","36971","","58541","20230724160405"
"570","Rice","36979","","124525","20230801095647"
"571","Philosophy_of_science","37010","","96355","20230728084416"
"572","Thought","37080","","121497","20230728115922"
"573","Infection","37220","","111627","20230717060410"
"574","Society","37235","","54211","20230728193737"
"575","Fertilizer","37401","","92515","20230716142842"
"576","Chicken","37402","","90001","20230803214945"
"577","State_of_matter","37461","","38361","20230801090619"
"578","Tornado","37530","","111928","20230731014120"
"579","Museum","37585","","84412","20230805131938"
"580","Seed","37694","","77633","20230730085900"
"581","History_of_East_Asia","37699","","88164","20230703105545"
"582","Soil","37738","","203371","20230804065534"
"583","Mountain","37754","","41619","20230604171945"
"584","Delhi","37756","","205343","20230805104740"
"585","Reformation","37857","","216920","20230808104118"
"586","Himalayas","37966","","63616","20230807092615"
"587","Gender","38076","","144956","20230808091033"
"588","Clothing","38180","","71133","20230805061625"
"589","Natural_rubber","38393","","57765","20230808181249"
"590","Humour","38407","","57336","20230731153903"
"591","Gravity","38579","","65727","20230714230520"
"592","Hunting","38791","","159292","20230715124127"
"593","Jupiter","38930","","158085","20230807165536"
"594","Business","39206","","48284","20230804120448"
"595","Compass","39316","","44903","20230730170837"
"596","Manufacturing","39388","","43536","20230731013724"
"597","Semiconductor_device","40344","","32194","20230801172804"
"598","Garden","42139","","32765","20230725115234"
"599","Reason","42446","","94635","20230806161316"
"600","Murasaki_Shikibu","42758","","58704","20230711134003"
"601","Hokusai","43357","","37880","20230723002307"
"602","Tang_dynasty","43455","","175684","20230731152550"
"603","Han_dynasty","43460","","161960","20230729132931"
"604","Fairy_tale","43494","","102251","20230807195335"
"605","Sport_of_athletics","43719","","76373","20230802082045"
"606","Catherine_the_Great","44240","","127352","20230729080628"
"607","Saturn","44474","","117359","20230807233906"
"608","Uranus","44475","","148164","20230807014842"
"609","Printing","44723","","54975","20230804205849"
"610","Dream","44785","","76106","20230725210318"
"611","Asthma","44905","","164755","20230728000454"
"612","Vasco_da_Gama","45080","","58269","20230802135939"
"613","Biodiversity","45086","","184036","20230801015522"
"614","Indigenous_peoples","45281","","165476","20230808133945"
"615","Surgery","45599","","98417","20230719233645"
"616","Violence","46112","","132208","20230808083715"
"617","Refrigeration","46238","","78461","20230711091227"
"618","Globalization","46313","","175541","20230623204858"
"619","Indus_Valley_Civilisation","46853","","178541","20230726000309"
"620","Cloud","47515","","125172","20230808191620"
"621","Standard_Model","47641","","59222","20230724123514"
"622","Free_will","47921","","202425","20230807071054"
"623","Amazon_rainforest","48139","","106002","20230730084424"
"624","Fossil_fuel","48146","","38046","20230711165638"
"625","Mathematical_analysis","48396","","51181","20230719065452"
"626","Furniture","48597","","65180","20230808023620"
"627","Extinction","49417","","103416","20230801080324"
"628","Flood","50482","","65749","20230728164418"
"629","Sumer","50521","","106173","20230723160306"
"630","Astronomy","50650","","100181","20230713011329"
"631","Space_station","50896","","49096","20230611051959"
"632","Mail","51138","","63511","20230726062213"
"633","Ancient_history","51320","","75613","20230719104242"
"634","Famine","51329","","162301","20230731191043"
"635","History_of_North_America","51370","","42998","20230804101340"
"636","History_of_South_America","51372","","105210","20230706223217"
"637","Dam","51518","","92133","20230801022455"
"638","Textile","51892","","125503","20230722041608"
"639","Pneumonia","52135","","123964","20230807121640"
"640","Brahmic_scripts","52343","","114489","20230805135912"
"641","European_colonization_of_the_Americas","52447","","96179","20230804102624"
"642","Camera","52648","","55273","20230711193157"
"643","Aztecs","53198","","170531","20230802041744"
"644","Natural_satellite","53306","","46505","20230807014640"
"645","Calligraphy","53682","","55069","20230806170900"
"646","Human_body","54176","","62699","20230804185401"
"647","Silk_Road","54253","","107810","20230717082158"
"648","Newton's_laws_of_motion","55212","","117238","20230724102942"
"649","Allergy","55313","","107702","20230803041037"
"650","Parenting","55697","","79669","20230725175711"
"651","Simón_Bolívar","55917","","107997","20230807150202"
"652","Disability","56285","","134598","20230806001236"
"653","Obesity","56435","","178747","20230729132407"
"654","Anesthesia","56561","","75469","20230807020006"
"655","Circulatory_system","57330","","52706","20230801061020"
"656","Marketing","59252","","55923","20230604032856"
"657","Dmitri_Mendeleev","60633","","48872","20230808123928"
"658","Hatshepsut","60832","","52521","20230808184740"
"659","Soybean","62784","","133700","20230802064426"
"660","Poverty","64959","","223031","20230806185410"
"661","Laozi","65119","","37782","20230729091540"
"662","Redox","66313","","35924","20230808233554"
"663","Ancient_Greece","66540","","83819","20230727140031"
"664","Hindustani_language","66715","","91276","20230806100619"
"665","Festival","67500","","31141","20230714221532"
"666","Anger","68672","","123532","20230729225449"
"667","Publishing","68761","","43766","20230727204323"
"668","United_Arab_Emirates","69328","","209679","20230808225408"
"669","Napoleon","69880","","234607","20230808151734"
"670","Suffrage","70322","","110283","20230724044112"
"671","Great_Barrier_Reef","70983","","117293","20230706071109"
"672","Green_Revolution","72727","","92559","20230806234304"
"673","Lake_Victoria","72979","","73549","20230611220618"
"674","Infant","73165","","40473","20230624074707"
"675","Ideology","75469","","47114","20230808071545"
"676","Electric_motor","76086","","119784","20230803154327"
"677","Democratic_Republic_of_the_Congo","76762","","206390","20230808234524"
"678","Spaceflight","77178","","59870","20230807184921"
"679","Health","80381","","59129","20230801114527"
"680","Oral_tradition","81724","","85733","20230706010849"
"681","Mathematical_proof","82285","","37546","20230806101708"
"682","Adolescence","83859","","180525","20230727013242"
"683","Information_Age","84632","","58162","20230804000519"
"684","Lagos","85232","","185882","20230730055043"
"685","History_of_music","87323","","119001","20230808070859"
"686","Pre-Columbian_era","90001","","85205","20230730163437"
"687","Chinese_characters","91231","","153000","20230806110206"
"688","Military","92357","","55821","20230722230840"
"689","Common_cold","92693","","59683","20230728084528"
"690","Exponentiation","99491","","106525","20230805213726"
"691","Qin_Shi_Huang","99598","","87136","20230728053328"
"692","Florence_Nightingale","100127","","123339","20230722201947"
"693","Belief","102883","","101074","20230709225118"
"694","Ritual","102920","","65728","20230808220834"
"695","Ethnicity","105004","","87765","20230808094323"
"696","Cancer","105219","","185017","20230727074255"
"697","Broadcasting","113604","","36389","20230707145912"
"698","Copper","125293","","119669","20230803114902"
"699","Malay_language","126630","","57575","20230808100732"
"700","Child","128987","","56508","20230804200345"
"701","History_of_literature","138848","","93307","20230806033253"
"702","Domestication","142586","","70501","20230704100750"
"703","Comics","145443","","78959","20230720165121"
"704","Hygiene","147020","","93620","20230808140913"
"705","Power_(social_and_political)","147885","","74404","20230808075703"
"706","Emmy_Noether","149896","","117744","20230615063917"
"707","Toy","149920","","67567","20230808115010"
"708","Eastern_philosophy","151419","","85562","20230709065824"
"709","Eye","157898","","58984","20230724150336"
"710","Mansa_Musa","159784","","45440","20230804040520"
"711","Frida_Kahlo","162276","","129384","20230720161711"
"712","Singing","162707","","56819","20230804031005"
"713","Digestion","165423","","39795","20230616041702"
"714","Adult","167334","","45490","20230707015811"
"715","Happiness","169409","","107964","20230801005957"
"716","Infrastructure","174521","","54040","20230807165557"
"717","Outer_space","177602","","127052","20230808221454"
"718","Personality","177648","","37860","20230803155903"
"719","Medication","180121","","66041","20230801103040"
"720","Learning","183403","","79927","20230729164229"
"721","Retail","183515","","70872","20230807223700"
"722","Sanitation","184729","","55337","20230808174919"
"723","Abstract_art","184854","","37091","20230719210841"
"724","Function_(mathematics)","185427","","74928","20230807222617"
"725","Adi_Shankara","186184","","126884","20230805165250"
"726","Ethiopia","187749","","283003","20230808123959"
"727","Kenya","188171","","204435","20230808114348"
"728","Exercise","189037","","86595","20230617173351"
"729","Radioactive_decay","197767","","97393","20230801162439"
"730","Drinking_water","198725","","54215","20230808173034"
"731","Grassland","198842","","52744","20230703131825"
"732","Ibn_Khaldun","199169","","68105","20230730131409"
"733","Rock_(geology)","199661","","31349","20230628090927"
"734","New_religious_movement","201588","","69204","20230717144741"
"735","Vietnam","202354","","310026","20230807041353"
"736","Atmosphere_of_Earth","202898","","60926","20230731114440"
"737","Fortification","204118","","61727","20230727234028"
"738","Subatomic_particle","212490","","32868","20230806005018"
"739","Animal_husbandry","219640","","75614","20230721031827"
"740","Bow_and_arrow","219810","","32813","20230803113520"
"741","Human_migration","221773","","68118","20230808130547"
"742","Gupta_Empire","227918","","83635","20230808214309"
"743","Old_age","229060","","109262","20230804230842"
"744","Medical_imaging","234714","","60513","20230614224743"
"745","Nth_root","235029","","31481","20230802031222"
"746","Personal_name","237504","","38615","20230723040250"
"747","Construction","239038","","56492","20230726160200"
"748","Mongol_Empire","240146","","133254","20230729041828"
"749","Knowledge","243391","","133719","20230716091429"
"750","Welfare","247817","","88610","20230805013613"
"751","Home","249429","","38810","20230801163726"
"752","Wind_power","277289","","124688","20230726091913"
"753","Scramble_for_Africa","286469","","94496","20230807162026"
"754","Decolonization","302084","","107169","20230730223251"
"755","Spanish_Empire","303062","","237600","20230807201215"
"756","Employment","314993","","56370","20230802091844"
"757","Nicolaus_Copernicus","323592","","160897","20230802124703"
"758","Cold_War","325329","","336596","20230807035412"
"759","Sahara","325363","","103838","20230808215931"
"760","Prehistoric_art","334819","","80486","20230801212631"
"761","Saudi_Arabia","349303","","329479","20230808231254"
"762","Skeletal_muscle","380541","","122677","20230719180249"
"763","São_Paulo","390875","","231632","20230808204552"
"764","Human_history","435268","","191603","20230808100922"
"765","History_of_the_Middle_East","489526","","90387","20230801195331"
"766","Cardiovascular_disease","512662","","136797","20230615190848"
"767","Injury","515534","","63651","20230727224007"
"768","Intelligence","519280","","36617","20230808144013"
"769","Ancient_Rome","521555","","178673","20230808022425"
"770","Stove","556358","","44669","20230722215325"
"771","Human_behavior","563299","","56127","20230801032728"
"772","Coffee","604727","","136317","20230804195016"
"773","Catholic_Church","606848","","256001","20230730234925"
"774","Stroke","625404","","178932","20230730230737"
"775","Neolithic_Revolution","639115","","98639","20230803172112"
"776","New_York_City","645042","","407994","20230808211821"
"777","Al-Khwarizmi","649861","","79981","20230807141738"
"778","Human","682482","","269569","20230807002551"
"779","Age_of_Discovery","690842","","222966","20230805140224"
"780","Greek_alphabet","715909","","103376","20230717230056"
"781","Ear","768413","","58712","20230715232943"
"782","Cyrus_the_Great","800012","","110655","20230806221339"
"783","History_of_technology","803661","","95967","20230728131631"
"784","Gastroenteritis","869123","","66361","20230806082529"
"785","Liberty","936385","","38693","20230629132702"
"786","Line_(geometry)","946975","","30434","20230606154909"
"787","Mental_health","990505","","97813","20230808114342"
"788","Jesus","1095706","","249098","20230803161916"
"789","Shen_Kuo","1102000","","103554","20230804071549"
"790","Early_modern_period","1291656","","150738","20230730030832"
"791","Internal_structure_of_Earth","1417149","","30503","20230806090526"
"792","Word","1449866","","31190","20230801201115"
"793","Chinese_folk_religion","1491156","","190272","20230806192728"
"794","Vedas","1527181","","114586","20230727184244"
"795","Salt","1605200","","71466","20230710163352"
"796","Fraction","1704824","","65574","20230721094151"
"797","Pregnancy","1771587","","146903","20230806121320"
"798","Environmentalism","1866009","","78142","20230728053519"
"799","History_of_Earth","2068726","","153590","20230807014958"
"800","Pig","2391490","","76561","20230807020952"
"801","Milky_Way","2589714","","220164","20230806195816"
"802","Adolf_Hitler","2731583","","173285","20230808171503"
"803","History_of_agriculture","2899597","","122237","20230719114403"
"804","Speech","2917649","","30823","20230806141156"
"805","Three-dimensional_space","3054853","","33008","20230627053851"
"806","Buddhism","3267529","","264903","20230724205906"
"807","Istanbul","3391396","","225380","20230805204113"
"808","United_States","3434750","","313451","20230808201449"
"809","Malaysia","3607937","","199655","20230808173230"
"810","History_of_architecture","3684625","","164056","20230801032058"
"811","Variable_(mathematics)","3728109","","21952","20230807020007"
"812","Mexico","3966054","","254513","20230808204130"
"813","Gene","4250553","","117872","20230802031235"
"814","Rembrandt","4254144","","140199","20230807200337"
"815","Dog","4269567","","113670","20230808150432"
"816","Crusades","4412145","","142230","20230804215835"
"817","Flower","4576465","","103050","20230807154430"
"818","Traditional_African_religions","4655918","","44544","20230714070017"
"819","Australia","4689264","","218566","20230808201041"
"820","Fish","4699587","","121226","20230803122521"
"821","World_War_I","4764461","","311349","20230807152438"
"822","God","5042765","","89185","20230802165615"
"823","Canada","5042916","","261832","20230808165458"
"824","Climate_change","5042951","","291088","20230807145418"
"825","Rabindranath_Tagore","5052533","","112295","20230808081916"
"826","HIV/AIDS","5069516","","202592","20230806164223"
"827","Great_Wall_of_China","5094570","","57995","20230726151149"
"828","Mesoamerica","5301493","","92104","20230802134340"
"829","Africa","5334607","","179080","20230804191901"
"830","Vegetable","5791492","","41800","20230804102547"
"831","France","5843419","","270663","20230808212651"
"832","Islam","6037917","","220369","20230807074139"
"833","Economy","6639133","","34002","20230709112852"
"834","Classical_music","6668778","","97966","20230808011508"
"835","Latin_script","6683766","","44735","20230805144501"
"836","Arabic_script","6685329","","119053","20230729191841"
"837","Telescope","7070301","","40095","20230702075610"
"838","Martin_Luther","7567080","","154155","20230804162900"
"839","Computer","7878457","","138323","20230808153209"
"840","Egypt","8087628","","240916","20230808225215"
"841","Charles_Darwin","8145410","","159758","20230730001456"
"842","Tropical_cyclone","8282374","","216725","20230731224448"
"843","English_language","8569916","","231710","20230806212411"
"844","Money","8983183","","54581","20230603183027"
"845","Bacteria","9028799","","145648","20230725201651"
"846","Biology","9127632","","133332","20230804133036"
"847","Communism","9209651","","273751","20230808044105"
"848","Israel","9282173","","391149","20230808225227"
"849","Drug","9311172","","32108","20230524205502"
"850","Johann_Sebastian_Bach","9906294","","163811","20230805181628"
"851","Family","10401954","","136571","20230721122930"
"852","Contemporary_history","10689543","","73212","20230725114525"
"853","History","10772350","","84094","20230723210436"
"854","Animal","11039790","","125329","20230806191742"
"855","Turkey","11125639","","335145","20230808130055"
"856","Cheese","11749910","","67737","20230808210001"
"857","Smoking","12254052","","94305","20230720091516"
"858","Post-classical_history","13139823","","166216","20230722170110"
"859","Car","13673345","","96520","20230804171120"
"860","Philosophy","13692155","","155872","20230803183513"
"861","Western_philosophy","13704154","","95361","20230624043930"
"862","Mars","14640471","","181153","20230808232406"
"863","Early_human_migrations","14821485","","110039","20230619173633"
"864","Michael_Jackson","14995351","","267896","20230804060818"
"865","Human_sexuality","15179951","","149180","20230803075933"
"866","Atheism","15247542","","208186","20230719140427"
"867","Radio","15368428","","143596","20230808184232"
"868","Wind","15440316","","106201","20230802145505"
"869","Man","15822899","","55657","20230807000515"
"870","Ageing","16413778","","90375","20230805140919"
"871","Smallpox","16829895","","156548","20230808183805"
"872","Suicide","16831059","","163859","20230807092458"
"873","Paper","16861908","","42551","20230721160222"
"874","Byzantine_Empire","16972981","","246322","20230808065046"
"875","Friendship","17157119","","43100","20230804221244"
"876","Sheep","17158563","","111504","20230806171059"
"877","Liver","17384301","","84796","20230723182211"
"878","Genghis_Khan","17414699","","98367","20230803202459"
"879","South_Africa","17416221","","223327","20230807050535"
"880","Play_(activity)","18006808","","63709","20230620190008"
"881","Nursing","18403271","","110593","20230808110559"
"882","Maya_civilization","18449273","","188018","20230807052124"
"883","Transport","18580879","","55020","20230706081519"
"884","Beijing","18603746","","227522","20230806155322"
"885","Leo_Tolstoy","18622119","","84014","20230801151452"
"886","Painting","18622193","","79438","20230808193220"
"887","Algebra","18716923","","48738","20230728004956"
"888","Trigonometry","18717261","","51739","20230702130845"
"889","Sociology","18717981","","158488","20230807140636"
"890","Game","18723138","","42394","20230802175250"
"891","Sea","18842323","","180517","20230730005307"
"892","River","18842395","","39374","20230716072148"
"893","Lake","18842431","","81382","20230805040745"
"894","Cryptography","18934432","","100500","20230808062255"
"895","Akbar","18945005","","146003","20230806180002"
"896","Alcoholic_beverage","18948043","","50975","20230807104324"
"897","Fiction","18949461","","33952","20230807151316"
"898","Law","18949668","","165325","20230804124446"
"899","Arctic_Ocean","18951556","","65908","20230726184628"
"900","Archaeology","18951655","","131860","20230722212715"
"901","Argentina","18951905","","239962","20230806232305"
"902","Tree","18955875","","125152","20230728015830"
"903","Desert","18955999","","112153","20230713004400"
"904","Caribbean","18956035","","104521","20230801091437"
"905","Antarctica","18959138","","136118","20230720173619"
"906","Literature","18963870","","89701","20230801110553"
"907","Geography","18963910","","87655","20230727214205"
"908","English_literature","18973384","","142693","20230729220206"
"909","Geometry","18973446","","100376","20230724001821"
"910","Birth_control","18978770","","150016","20230721233031"
"911","History_of_art","18985263","","231523","20230728073834"
"912","Popular_culture","18993927","","48402","20230717202756"
"913","Prehistory","18994022","","51921","20230703132303"
"914","Sound","18994087","","37157","20230805101747"
"915","Hospital","18994221","","56105","20230731210436"
"916","Neptune","19003265","","125849","20230807184855"
"917","Conic_section","19008673","","70572","20230731101235"
"918","Rain","19009110","","119884","20230728013545"
"919","Sexually_transmitted_infection","19019270","","85169","20230509181319"
"920","Culture","19159508","","70923","20230720113840"
"921","Virus","19167679","","153772","20230710143920"
"922","Electric_battery","19174720","","68733","20230806191151"
"923","Fungus","19178965","","202068","20230804185429"
"924","Archaea","19179592","","157606","20230807060508"
"925","Abiogenesis","19179706","","178554","20230808114206"
"926","Liberalism","19280734","","139300","20230808082628"
"927","Great_Depression","19283335","","179290","20230727223314"
"928","Rodent","19337310","","141438","20230802224604"
"929","Bank","19360669","","65794","20230801010628"
"930","Classical_mechanics","19555586","","47123","20230728120949"
"931","Influenza","19572217","","103780","20230731172150"
"932","Heat","19593167","","79395","20230708225702"
"933","Abstract_algebra","19616384","","32642","20230805183057"
"934","Continent","19630739","","73242","20230804151244"
"935","Mobile_phone","19644137","","81763","20230730023436"
"936","Caspian_Sea","19653787","","86173","20230804182118"
"937","Organism","19653842","","33889","20230716103303"
"938","Matter","19673093","","83008","20230731012124"
"939","University","19725260","","73893","20230804023215"
"940","Mollusca","19773328","","90492","20230808004138"
"941","Arthropod","19827221","","127496","20230802135012"
"942","Plant","19828134","","93131","20230808202257"
"943","Ferdinand_Magellan","19914843","","50288","20230719105233"
"944","Infinity","20110824","","53695","20230808190512"
"945","Southern_Ocean","20611428","","115391","20230724013512"
"946","Real_number","20646438","","57710","20230808055031"
"947","Temperature","20647050","","106121","20230806181127"
"948","Earth_science","20653168","","27576","20230706053729"
"949","Maize","20656228","","139711","20230807133201"
"950","News","20781999","","155149","20230808200524"
"951","Robotics","20903754","","146730","20230808152856"
"952","Theatre","20913771","","87501","20230714195247"
"953","Realism_(arts)","21244047","","41644","20230614135421"
"954","Architecture","21296224","","58254","20230714063949"
"955","Chemical_compound","21347411","","19526","20230109135542"
"956","Bengali_language","21378419","","99501","20230727064027"
"957","Ramesses_II","21476519","","69782","20230729032026"
"958","Thomas_Aquinas","21490957","","148033","20230808225513"
"959","Nelson_Mandela","21492751","","203150","20230804192451"
"960","Film","21555729","","81139","20230808053520"
"961","Species","21780446","","97437","20230804184042"
"962","Linguistics","22760983","","88787","20230807121602"
"963","Bhagavad_Gita","23277715","","217190","20230808183709"
"964","Insect","23366462","","157134","20230804011340"
"965","Sense","23416874","","94001","20230714134754"
"966","Greek_mythology","23416994","","108023","20230720181740"
"967","Novel","23713433","","93052","20230806164253"
"968","Late_modern_period","23801631","","143557","20230719162211"
"969","Mughal_Empire","24217897","","156003","20230731154322"
"970","Eukaryote","24536543","","61740","20230808204944"
"971","Myth","24698694","","72726","20230712230806"
"972","Season","24873453","","59889","20230805175804"
"973","Military_history","25595604","","88689","20230704223520"
"974","Socrates","25664190","","89890","20230806134031"
"975","Sport","25778403","","64428","20230702145444"
"976","Protestantism","25814008","","245143","20230725195355"
"977","Cattle","26051975","","161043","20230807035101"
"978","Plastic","26145195","","92521","20230718073156"
"979","Limit_(mathematics)","26551602","","36088","20230614162627"
"980","Andean_civilizations","26980756","","34633","20230731093204"
"981","Addiction","27158894","","262750","20230807050711"
"982","Musical_instrument","27406894","","71414","20230728123253"
"983","Mahayana","27937488","","145750","20230727194913"
"984","Diplomacy","28165911","","60581","20230723211041"
"985","James_Clerk_Maxwell","28989696","","83205","20230807173117"
"986","The_arts","29560452","","48649","20230803094104"
"987","Galileo_Galilei","29688374","","135710","20230731230443"
"988","Achaemenid_Empire","30927438","","176540","20230807113857"
"989","Memory","31217535","","129044","20230806092852"
"990","Telecommunications","33094374","","89983","20230728163205"
"991","Visual_arts","33734529","","36867","20230724073028"
"992","Phoenicia","34076091","","91269","20230724031152"
"993","Islamic_Golden_Age","37477763","","120812","20230716224847"
"994","Diabetes","40017873","","113882","20230730094744"
"995","Land","40083369","","142006","20230806130114"
"996","Crustacean","40119056","","53875","20230808144103"
"997","Social_equality","41207422","","28081","20230728220155"
"998","Internal_combustion_engine","41228673","","100302","20230807065630"
"999","Deity","45087159","","135732","20230807163322"
"1000","Logic","46426065","","158684","20230807113616"
"1001","Good_and_evil","53403353","","71211","20230725023157"